Creative Name,Preview,Preview Iframe
5243190_IL_Rockford_Scotts RV Truck and Auto Repair_320x50_we service all vehicles.gif,https://crcdn01.adnxs-simple.com/creative20/p/7397/2024/12/26/64105030/438277ef-0ca6-4f64-a337-8c69a2dd5910.gif,https://crcdn01.adnxs-simple.com/creative20/p/7397/2024/12/26/64105030/438277ef-0ca6-4f64-a337-8c69a2dd5910.gif
5243190_IL_Rockford_Scotts RV Truck and Auto Repair_320x50_we keep you rolling straight.gif,https://crcdn01.adnxs-simple.com/creative20/p/7397/2024/12/26/64105137/ca17eb11-4d81-443b-8f60-30b56192eaac.gif,https://crcdn01.adnxs-simple.com/creative20/p/7397/2024/12/26/64105137/ca17eb11-4d81-443b-8f60-30b56192eaac.gif
5243190_IL_Rockford_Scotts RV Truck and Auto Repair_320x50_get rolling again.gif,https://crcdn01.adnxs-simple.com/creative20/p/7397/2024/12/26/64105117/d657a6fe-e01c-4fd8-841e-228f72a7e88d.gif,https://crcdn01.adnxs-simple.com/creative20/p/7397/2024/12/26/64105117/d657a6fe-e01c-4fd8-841e-228f72a7e88d.gif
5243190_IL_Rockford_Scotts RV Truck and Auto Repair_300x250_get rolling again.gif,https://crcdn01.adnxs-simple.com/creative20/p/7397/2024/12/26/64105119/edec1d2e-95c1-4290-ada4-3f5f01f11855.gif,https://crcdn01.adnxs-simple.com/creative20/p/7397/2024/12/26/64105119/edec1d2e-95c1-4290-ada4-3f5f01f11855.gif
5243190_IL_Rockford_Scotts RV Truck and Auto Repair_728x90_we keep you rolling straight.gif,https://crcdn01.adnxs-simple.com/creative20/p/7397/2024/12/26/64105139/2b3395bb-7c5d-4242-aa92-f9d137498a67.gif,https://crcdn01.adnxs-simple.com/creative20/p/7397/2024/12/26/64105139/2b3395bb-7c5d-4242-aa92-f9d137498a67.gif
5243190_IL_Rockford_Scotts RV Truck and Auto Repair_300x250_we keep you rolling straight.gif,https://crcdn01.adnxs-simple.com/creative20/p/7397/2024/12/26/64105138/6b556f29-9900-4b24-be9a-2b226ea2a9ee.gif,https://crcdn01.adnxs-simple.com/creative20/p/7397/2024/12/26/64105138/6b556f29-9900-4b24-be9a-2b226ea2a9ee.gif
5243190_IL_Rockford_Scotts RV Truck and Auto Repair_300x250_we service all vehicles.gif,https://crcdn01.adnxs-simple.com/creative20/p/7397/2024/12/26/64105033/97624c24-abdf-4c8b-b27c-1650d18fc61a.gif,https://crcdn01.adnxs-simple.com/creative20/p/7397/2024/12/26/64105033/97624c24-abdf-4c8b-b27c-1650d18fc61a.gif
5243190_IL_Rockford_Scotts RV Truck and Auto Repair_728x90_get rolling again.gif,https://crcdn01.adnxs-simple.com/creative20/p/7397/2024/12/26/64105120/0b71dccc-0259-4350-b00c-4ba640639050.gif,https://crcdn01.adnxs-simple.com/creative20/p/7397/2024/12/26/64105120/0b71dccc-0259-4350-b00c-4ba640639050.gif
5243190_IL_Rockford_Scotts RV Truck and Auto Repair_728x90_we service all vehicles.gif,https://crcdn01.adnxs-simple.com/creative20/p/7397/2024/12/26/64105032/f4c75cf1-cacf-48b4-9480-ef82e69ffcb9.gif,https://crcdn01.adnxs-simple.com/creative20/p/7397/2024/12/26/64105032/f4c75cf1-cacf-48b4-9480-ef82e69ffcb9.gif
5243190_IL_Rockford_Scotts RV Truck and Auto Repair300x600_we service all vehicles.gif,https://crcdn01.adnxs-simple.com/creative20/p/7397/2024/12/26/64105035/2737f595-4181-488e-ba1f-0a17d81a0270.gif,https://crcdn01.adnxs-simple.com/creative20/p/7397/2024/12/26/64105035/2737f595-4181-488e-ba1f-0a17d81a0270.gif
5243190_IL_Rockford_Scotts RV Truck and Auto Repair_300x600_we keep you rolling straight.gif,https://crcdn01.adnxs-simple.com/creative20/p/7397/2024/12/26/64105141/e46e9558-1bd3-40aa-8355-2595e8c1417f.gif,https://crcdn01.adnxs-simple.com/creative20/p/7397/2024/12/26/64105141/e46e9558-1bd3-40aa-8355-2595e8c1417f.gif
5243190_IL_Rockford_Scotts RV Truck and Auto Repair_160x600_we keep you rolling straight.gif,https://crcdn01.adnxs-simple.com/creative20/p/7397/2024/12/26/64105140/e4e3336f-2851-4a74-aef3-ab5dc7c26dd1.gif,https://crcdn01.adnxs-simple.com/creative20/p/7397/2024/12/26/64105140/e4e3336f-2851-4a74-aef3-ab5dc7c26dd1.gif
5243190_IL_Rockford_Scotts RV Truck and Auto Repair_160x600_get rolling again.gif,https://crcdn01.adnxs-simple.com/creative20/p/7397/2024/12/26/64105116/4d661d0d-82fe-4ba9-a964-028a71f9afff.gif,https://crcdn01.adnxs-simple.com/creative20/p/7397/2024/12/26/64105116/4d661d0d-82fe-4ba9-a964-028a71f9afff.gif
5243190_IL_Rockford_Scotts RV Truck and Auto Repair_160x600_we service all vehicles.gif,https://crcdn01.adnxs-simple.com/creative20/p/7397/2024/12/26/64105034/4227c844-de06-4dfd-a920-ce20f596a9b3.gif,https://crcdn01.adnxs-simple.com/creative20/p/7397/2024/12/26/64105034/4227c844-de06-4dfd-a920-ce20f596a9b3.gif